Nadkategorie;Kategorie;Podkategorie;Název
Snídaně - slané;vejce;;benedikt s holandskou
Snídaně - slané;vejce;;kuřecí breakfast bake
Snídaně - slané;vejce;;breakfast wrap - kuřecí
Snídaně - slané;vejce;;breakfat wrap - hovězí
Snídaně - slané;vejce;;batátový breakfast bake
Snídaně - slané;vejce;;egg muffins
Snídaně - slané;vejce;;kuřecí Mc muffins
Snídaně - slané;vejce;;quessadilla se šunkou
Snídaně - slané;vejce;;feta and tomato bake
Snídaně - slané;vejce;;omelety na plech
Snídaně - slané;vejce;;quiche
Snídaně - slané;pečivo;;cottage mini pizzy
Snídaně - slané;pečivo;;bagely
Snídaně - slané;pečivo;;plněné bagely z rýžového papíru
Snídaně - slané;pečivo;;pizza pockets
Snídaně - slané;pečivo;;ham and cheese rolls
Snídaně - slané;pečivo;;syrniky na slano
Snídaně - slané;pečivo;;bacon chedar muffiny
Snídaně - slané;pečivo;;pizza muffiny
Snídaně - slané;pečivo;;slanné palačinky
Snídaně - slané;pečivo;;pizza tousty
Snídaně - slané;beans;;pečený česnek a rajčata
Snídaně - slané;beans;;brokolice a čedar
Snídaně - slané;beans;;rajče a ricotta
Snídaně - slané;beans;;creamy chilli
Snídaně - slané;beans;;feta a pečená paprika
Snídaně - slané;beans;;creamy pórkové
Snídaně - slané;beans;;houby a kokosové mléko
Snídaně - slané;beans;;lasagna
Snídaně - slané;beans;;pizza
Snídaně - slané;beans;;french onion
Snídaně - slané;pomazánky;;játrová paštika
Snídaně - slané;pomazánky;;bacon avocado chicken
Snídaně - slané;pomazánky;;krabí
Snídaně - slané;pomazánky;;cuketová
Snídaně - slané;pomazánky;;caesar
Snídaně - slané;pomazánky;;z pečených paprik
Snídaně - slané;pomazánky;;tuňáková
Snídaně - slané;pomazánky;;z mozzarelly
Snídaně - slané;pomazánky;;z pečené čunky
Snídaně - slané;pomazánky;;hermelínová
Snídaně - slané;pomazánky;;feta a olivy
Snídaně - slané;pomazánky;;chicken corriander
Eating out;chudinská čtvrť;big back;Mc Donald's
Eating out;chudinská čtvrť;big back;Burger King
Eating out;chudinská čtvrť;big back;KFC
Eating out;chudinská čtvrť;big back;bageterie
Eating out;chudinská čtvrť;big back;Subway
Eating out;chudinská čtvrť;big back;Asian food
Eating out;Mr fancy pants;big back;Popey's
Eating out;Mr fancy pants;big back;steaky a burgery
Eating out;Mr fancy pants;big back;Hooters
Eating out;Mr fancy pants;big back;Ribs of Prague
Eating out;Mr fancy pants;big back;Pizza hut
Eating out;Mr fancy pants;big back;Olie's
Eating out;buržoazie;big back;degustační menu
Eating out;chudinská čtvrť;skinny queen;Ugo
Eating out;Mr fancy pants;skinny queen;Los Capolitos
Eating out;Mr fancy pants;skinny queen;Las Adelitas
Eating out;Mr fancy pants;skinny queen;Puzzle salads
Eating out;Mr fancy pants;tripple chin charlie;Cinamood
Eating out;Mr fancy pants;tripple chin charlie;Cookies
Eating out;Mr fancy pants;tripple chin charlie;all you can eat sushi
Eating out;Mr fancy pants;tripple chin charlie;těstoviny v sýru
Eating out;buržoazie;tripple chin charlie;Cinema city salonek
Eating out;buržoazie;tripple chin charlie;Brasiliero
Eating out;buržoazie;tripple chin charlie;all you can eat grill and hot pot
Snacky;spreads;;protein chocolate
Snacky;spreads;;protein pb
Snacky;spreads;;chocolate mouse
Snacky;spreads;;pumpkin spice dip
Snacky;spreads;;cinnamon roll dip
Snacky;spreads;;lotus spread
Snacky;cookies;;double chocolate
Snacky;cookies;;cookie and cream
Snacky;cookies;;cookie fries
Snacky;cookies;;chocolate chip
Snacky;cookies;;pumpkin spice
Snacky;cookies;;snickerdoodles
Snacky;cookies;;eggwhite brownie
Snacky;cookies;;peanut butter
Snacky;cookies;;oreo filled
Snacky;cookies;;birthday cake
Snacky;slanné ;;cheesy bites
Snacky;slanné ;;tuna melt bagels
Snacky;slanné ;;pizza toast/bagels
Snacky;slanné ;;tomato goat cheese pie
Snacky;slanné ;;cuketová placka
Snacky;slanné ;;rice paper burger bombs
Snacky;slanné ;;rice paper doritos
Snacky;slanné ;;cottage wraps
Snacky;slanné ;;šneci z rýžového papíru
Snacky;slanné ;;cuketové hranolky
Snacky;slanné ;;pizza/lasagna pockets
Snacky;slanné ;;rice paper mozzarella sticks
Snacky;slanné ;;pizza style baguets
Snacky;slanné ;;zeleninový wrap
Snacky;slanné ;;sýrové preclíky
Snacky;slanné ;;cottage mini pizzas
Snacky;slanné ;;cheeseballs
Snacky;slanné ;;breakfast biscuits
Snacky;slanné ;;jalapeno popper toast
Snacky;slanné ;;burger šneci
Snacky;sladké;;cookie dough bark
Snacky;sladké;;creamy protein jello
Snacky;sladké;;cottage scones
Snacky;sladké;;marshmallows
Snacky;sladké;;ricepaper slices
Snacky;sladké;;ricepaper mochi
Snacky;sladké;;berry bagels
Snacky;sladké;;granola bars
Saláty;letuce;;avocado steak
Saláty;letuce;;cripy chicpea and steak
Saláty;letuce;;sundried tomato chicken and bean
Saláty;letuce;;creamy peanut chicken
Saláty;letuce;;sub in a tub
Saláty;noodle;;satay beef
Saláty;noodle;;thai peanut
Saláty;noodle;;cucumber peanut chicken
Saláty;pasta;;fall roast
Saláty;pasta;;pesto orzo
Saláty;pasta;;corean BBQ
Saláty;pasta;;mediterranean style
Saláty;pasta;;sundried tomato chicken and bean
Saláty;pasta;;hot honey pepperoni
Saláty;pasta;;big mac style
Saláty;pasta;;Cobb sub 
Saláty;pasta;;sub in a tub
Saláty;pasta;;mexican corn chicken
Saláty;pasta;;cruchy cream
Saláty;pasta;;greek style pasta salad
Saláty;pasta;;blue cheese chicken
Saláty;chciken;;street corn
Saláty;chciken;;corean BBQ
Saláty;chciken;;mediterranean style
Saláty;chciken;;guacamole 
Saláty;chciken;;cucumber peanut
Saláty;chciken;;mexican corn chicken
Saláty;chciken;;cruchy cream
Saláty;chciken;;blue cheese
Saláty;quinoa;;poke style
Rýže;chicken;;sweet and sour
Rýže;chicken;;hot honey
Rýže;chicken;;BBQ pan
Rýže;chicken;;crispy honey soy
Rýže;chicken;;peanut lime
Rýže;chicken;;taco pan
Rýže;chicken;;coconut dal
Rýže;chicken;;mediterranean bowl
Rýže;chicken;;thai meatballs
Rýže;chicken;;bang bang coconut
Rýže;chicken;;sweet chilli
Rýže;chicken;;black pepper celery
Rýže;chicken;;shawarma pan
Rýže;chicken;;poached in coconut broth
Rýže;chicken;;coconut curry
Rýže;chicken;;coconut lime
Rýže;chicken;;green goddess bowl
Rýže;chicken;;chicken and chorizo pan
Rýže;chicken;;chickpea curry
Rýže;chicken;;butterchicken
Rýže;chicken;;caramelised onion
Rýže;chicken;;honey sesame fried
Rýže;beef;;taco pan
Rýže;beef;;coconut chilli
Rýže;beef;;beef and broccoli
Rýže;beef;;mediterranean bowl
Rýže;beef;;sweet chilli
Rýže;beef;;black pepper celery
Rýže;beef;;ginger, zucchini and basil
Rýže;beef;;green goddess bowl
Rýže;beef;;hot honey
Rýže;beef;;BBQ pan
Rýže;beef;;beef and chorizo pan
Rýže;baked;;chicken tomato basil
Rýže;baked;;chorizo saffron chicken
Rýže;baked;;marry me chicken
Rýže;baked;;tikka masala chicken
Rýže;baked;;red thai chicken
Rýže;baked;;chicken fajitas
Rýže;baked;;chicken pesto
Rýže;couscous;;chicken and feta
Rýže;couscous;;hot honey chicken
Rýže;couscous;;marry me chicken
Rýže;couscous;;tuna salad
Rýže;couscous;;pesto chicken
Rýže;couscous;;mediterranean bowl
Rýže;couscous;;green goddess bowl
Rýže;quinoa;;enchilada bake
Rýže;quinoa;;tuna salad
Rýže;quinoa;;chicken salad
Rýže;quinoa;;mediterranean bowl
Rýže;quinoa;;green goddess bowl
polévky;;;italian sausage gnocchi
polévky;;;roasted pepper and lentil
polévky;;;roasted parsnip
polévky;;;creamy celery
polévky;;;leek and potato
polévky;;;broccoli chedar
polévky;;;sweet potato chipotle
polévky;;;cauliflower potato
polévky;;;mushroom
polévky;;;chicken red curry
polévky;;;broccoli feta
polévky;;;butternut squash
polévky;;;tomato basil
polévky;;;roasted pepper 
polévky;;;lasagna style
Přílohy;přílohové saláty;;pesto chicpea
Přílohy;přílohové saláty;;kuskus cizrna feta
Přílohy;přílohové saláty;;peanut quinoa
Přílohy;přílohové saláty;;hummus quinoa
Přílohy;přílohové saláty;;mediterranean beans
Přílohy;přílohové saláty;;quinoa cizrna
Přílohy;přílohové saláty;;coleslaw
Přílohy;přílohové saláty;;tomato beans
Přílohy;přílohové saláty;;fazolový vacation style
Přílohy;přílohové saláty;;crispy potato
Přílohy;přílohové saláty;;quinoa edamame
Přílohy;zapečené přílohy;;lentils and quinoa bake
Přílohy;zapečené přílohy;;zucchini leek bake
Přílohy;zapečené přílohy;;pečené žampiony
Přílohy;zapečené přílohy;;broccoli parm
Přílohy;zapečené přílohy;;zapečený květák
Přílohy;zapečené přílohy;;creamy potato bake
Přílohy;na plech;;roasted chickpea and squash
Přílohy;na plech;;cuketová placka/bochník
Přílohy;na plech;;hot maple butternut squash
Přílohy;na plech;;roasted eggplant salad
Přílohy;ostatní;;mexická fazolová pasta
Přílohy;ostatní;;cheesy garlic naan
Přílohy;ostatní;;coconut rice
Přílohy;ostatní;;mediterranean lentils and rice
Přílohy;ostatní;;jollof rice
Brambory;vařené;;bramborová kaše
Brambory;vařené;;batátová kaše
Brambory;vařené;;bramborový salát
Brambory;pečené;;clasic se zeleninou
Brambory;pečené;;batáty
Brambory;pečené;;pizza bake
Brambory;pečené;;chicken and leek bake
Brambory;pečené;;saucy chicken bake
Brambory;loaded;;jalapeno cheese and bacon
Brambory;loaded;;cheasy beans
Brambory;loaded;;tuna melt
Brambory;loaded;;big mac style
Brambory;loaded;;street corn
Brambory;loaded;;chicken fajitas
Brambory;qnocchi;;baked chicken and veg
Brambory;qnocchi;;marry me chcicken
Brambory;qnocchi;;mushroom
Brambory;qnocchi;;chicken alfredo
Brambory;qnocchi;;blue cheese
Brambory;qnocchi;;chicken bacon
Ryby a mořské plody;white fish;;chipotle coconut w rice
Ryby a mořské plody;white fish;;mediterranean bake
Ryby a mořské plody;white fish;;coconut lime poached
Ryby a mořské plody;white fish;;kebabs/meatballs
Ryby a mořské plody;white fish;;tacos
Ryby a mořské plody;white fish;;fish and chips
Ryby a mořské plody;salmon;;crispy rice salad
Ryby a mořské plody;salmon;;sushi na plech
Ryby a mořské plody;salmon;;orzo bake
Ryby a mořské plody;salmon;;baked feta pasta
Ryby a mořské plody;salmon;;alfredo pasta
Ryby a mořské plody;salmon;;leek potato bake
Ryby a mořské plody;salmon;;poke
Ryby a mořské plody;tuna;;mexican naked salad
Ryby a mořské plody;tuna;;mexican pasta salad
Ryby a mořské plody;tuna;;spicy greek pasta
Ryby a mořské plody;tuna;;patties
Ryby a mořské plody;tuna;;tuna tomato baked pasta
Ryby a mořské plody;tuna;;creamy tuna baked pasta
Ryby a mořské plody;tuna;;sandwitch style salad
Ryby a mořské plody;tuna;;poke
Ryby a mořské plody;shrimps;;creamy pesto w rice
Ryby a mořské plody;shrimps;;chilli lime rice bowl
Ryby a mořské plody;shrimps;;creamy pasta
Ryby a mořské plody;shrimps;;mediterranean orzo
Ryby a mořské plody;shrimps;;honey soy garlic
Ryby a mořské plody;shrimps;;creamy coconut
Ryby a mořské plody;shrimps;;chipotle style
Ryby a mořské plody;shrimps;;coconut fried
Ryby a mořské plody;shrimps;;fried rice style quinoa
Ryby a mořské plody;shrimps;;alfredo pasta
Ryby a mořské plody;shrimps;;crispy rice salad
Ryby a mořské plody;shrimps;;greek style pasta salad
Ryby a mořské plody;shrimps;;poke
Tortily;burrito style;;pizza
Tortily;burrito style;;tuna melt
Tortily;burrito style;;cheese peperoni
Tortily;burrito style;;jalapeno popper
Tortily;burrito style;;cheeseburger style
Tortily;burrito style;;crunch wrap supreme
Tortily;burrito style;;beef and bacon
Tortily;burrito style;;cheesy garlic chicken
Tortily;burrito style;;ceasar salad
Tortily;burrito style;;beef chipotle
Tortily;quesadia style;;honey chipotle
Tortily;quesadia style;;egg tuna
Tortily;quesadia style;;buffalo chicken
Tortily;quesadia style;;hot honey chicken
Tortily;quesadia style;;mexican chilli style
Tortily;quesadia style;;beef and bacon
Tortily;quesadia style;;cheesy garlic chicken
Tortily;quesadia style;;sheet pan style
Tortily;quesadia style;;beef chipotle
Tortily;tacos;;chipotle steak style
Tortily;tacos;;buffalo chicken
Tortily;tacos;;hot honey chicken
Tortily;tacos;;mexican chilli style
Tortily;tacos;;ceasar salad
Tortily;pizzas;;chicken crust
Tortily;pizzas;;lentil crust
Tortily;pizzas;;cottage cheese crust
Těstoviny;creamy;;turkish
Těstoviny;creamy;;chicken fajita
Těstoviny;creamy;;garlic steak
Těstoviny;creamy;;fall feta
Těstoviny;creamy;;sausage zucchini
Těstoviny;creamy;;roasted red pepper
Těstoviny;creamy;;zucchini basil
Těstoviny;creamy;;butternut squash
Těstoviny;creamy;;gochujang beef
Těstoviny;creamy;;broccoli chedar
Těstoviny;creamy;;vodka sauce
Těstoviny;creamy;;alfredo
Těstoviny;creamy;;carbonara
Těstoviny;creamy;;caramelised onion
Těstoviny;creamy;;mushroom
Těstoviny;creamy;;hamburger helper
Těstoviny;creamy;;mac and cheese
Těstoviny;creamy;;paprica beef
Těstoviny;creamy;;jalapeno chedar
Těstoviny;creamy;;baked feta
Těstoviny;creamy;;chicken choritzo
Těstoviny;creamy;;blue cheese
Těstoviny;creamy;;cajun chicken
Těstoviny;tomato based;;hidden veggie
Těstoviny;tomato based;;sausage bean
Těstoviny;tomato based;;bruschetta chicken
Těstoviny;tomato based;;lasagna
Těstoviny;tomato based;;medetiranian style
Těstoviny;baked;;mushroom spinach
Těstoviny;baked;;chicken and leek
Těstoviny;baked;;roasted pepper
Těstoviny;baked;;sun dried tomato
Těstoviny;baked;;mediterranean style
Těstoviny;baked;;creamy tomato shrooms
Těstoviny;noodles;;thai drunken
Těstoviny;noodles;;mongolian beef
Těstoviny;noodles;;korean beef
Těstoviny;noodles;;spicy peanut
Těstoviny;noodles;;coconut tumeric 
Těstoviny;noodles;;garlic chicken
Těstoviny;noodles;;teriyaki chicken
Těstoviny;noodles;;coconut veggie
Těstoviny;noodles;;beef and brocoli
Těstoviny;orzo;;roasted zucchini
Těstoviny;orzo;;greeak chicken bake
Těstoviny;orzo;;broccoli sausage
Těstoviny;orzo;;marry me chicken
Těstoviny;orzo;;roasted tomato coconut
Těstoviny;orzo;;medetiranian style
Masa;chicken;;pulled chipotle style
Masa;chicken;;chicken parm
Masa;chicken;;kuře ve slanině
Masa;chicken;;chimichurri
Masa;chicken;;honey lime
Masa;chicken;;honey mustard
Masa;chicken;;balsamic
Masa;chicken;;peanut lime
Masa;chicken;;caprese
Masa;chicken;;coconut curry
Masa;chicken;;shakshuka
Masa;chicken;;honey chilli
Masa;chicken;;garlic parm
Masa;chicken;;gochujang
Masa;chicken;;fajitas
Masa;chicken;;marry me chic
Masa;chicken;;coconut shredded
Masa;chicken;;chicken strips
Masa;chicken;;naked chicken strips
Masa;chicken;;shwarma
Masa;chicken;;coconut peanut
Masa;chicken;;ketchup marinade
Masa;chicken;;creamy mustard
Masa;beef;;ribs
Masa;beef;;steak
Masa;burgers and sandwiches;;cheeseburger melts
Masa;burgers and sandwiches;;chicken ranch pockets
Masa;burgers and sandwiches;;honey peperoni chicken sliders
Masa;burgers and sandwiches;;burger bombs
Masa;burgers and sandwiches;;chicken subs
Masa;burgers and sandwiches;;Mc chicken
Masa;burgers and sandwiches;;zinger style
Masa;burgers and sandwiches;;burger sandwich
Masa;burgers and sandwiches;;buffalo chicken hot pockets
Masa;burgers and sandwiches;;marry me chicken ciabattas
Masa;burgers and sandwiches;;BBQ chicken
Masa;burgers and sandwiches;;meatball sub
Masa;mleté;;supreme baked bowl
Masa;mleté;;plněné cukety
Masa;mleté;;plněné papriky
Masa;mleté;;plněná dýně
Masa;mleté;;pizza pockets
Masa;mleté;;dirty cabbage
Masa;mleté;;rice paper nuggies
Masa;mleté;;egg roll in a bowl
Masa;mleté;;plněný lilek
Masa;mleté;;enchilada skillet
Masa;mleté;;kebabs
Masa;mleté;;Keema cosi
Masa;mleté;;mozzarella stufed
Masa;meatballs;;blanket dumplings
Masa;meatballs;;karbanátky kukuřice jalapenos
Masa;meatballs;;karbanatky s cuketou
Masa;meatballs;;sweet and sour
Masa;meatballs;;creamy garlic parm
Masa;meatballs;;creamy tomato
Masa;meatballs;;creamy mushroom
Masa;meatballs;;honey soy
Masa;meatballs;;Hailey Bieber
Snídaně - sladké;Overnigt oats;;pumpkin spice
Snídaně - sladké;Overnigt oats;;chocolate chip
Snídaně - sladké;Overnigt oats;;cookies and cream
Snídaně - sladké;Overnigt oats;;snickers
Snídaně - sladké;Overnigt oats;;chocolate and berries
Snídaně - sladké;Overnigt oats;;white choc and berries
Snídaně - sladké;Overnigt oats;;berry cheesecake
Snídaně - sladké;Overnigt oats;;rafaelo
Snídaně - sladké;Overnigt oats;;smores
Snídaně - sladké;Overnigt oats;;caramelised banana
Snídaně - sladké;Overnigt oats;;apple strudel
Snídaně - sladké;Overnigt oats;;peach cobbler
Snídaně - sladké;Overnigt oats;;chocolate banana
Snídaně - sladké;Overnigt oats;;banana bread
Snídaně - sladké;Overnigt oats;;biscoff
Snídaně - sladké;Overnigt oats;;tiramisu
Snídaně - sladké;Overnigt oats;;bounty
Snídaně - sladké;Overnigt oats;;peanut butter
Snídaně - sladké;Overnigt oats;;pb and jelly
Snídaně - sladké;Ostatní;;tvarohové knedlíky
Snídaně - sladké;Ostatní;;krupicová kaše (ochucená)
Snídaně - sladké;Ostatní;;brownie batter
Snídaně - sladké;Ostatní;;cookie dough
Snídaně - sladké;Ostatní;;biscoff cookie dough
Snídaně - sladké;Ostatní;;berry chocolate rice cakes bowl
Snídaně - sladké;Ostatní;;berry white choc ricecakes bowl
Snídaně - sladké;Ostatní;;berry cheesecake bowl
Snídaně - sladké;Ostatní;;apple cheesecake bowl
Snídaně - sladké;Ostatní;;chocolate cheesecake bowl
Snídaně - sladké;Ostatní;;caramel cheesecake bowl
Snídaně - sladké;Ostatní;;dukárové buchtičky
Snídaně - sladké;Ostatní;;ferrero bowl
Snídaně - sladké;Baked oats;;pumpkin spice
Snídaně - sladké;Baked oats;;chocolate chip
Snídaně - sladké;Baked oats;;cookies and cream
Snídaně - sladké;Baked oats;;snickers
Snídaně - sladké;Baked oats;;apple crumble
Snídaně - sladké;Baked oats;;blueberry crumble
Snídaně - sladké;Baked oats;;chocolate and berries
Snídaně - sladké;Baked oats;;white choc and berries
Snídaně - sladké;Baked oats;;rafaelo
Snídaně - sladké;Baked oats;;smores
Snídaně - sladké;Baked oats;;apple strudel
Snídaně - sladké;Baked oats;;peach cobbler
Snídaně - sladké;Baked oats;;chocolate banana
Snídaně - sladké;Baked oats;;banana bread
Snídaně - sladké;Baked oats;;biscoff
Snídaně - sladké;Baked oats;;tiramisu
Snídaně - sladké;Baked oats;;bounty
Snídaně - sladké;Baked oats;;peanut butter
Snídaně - sladké;Baked oats;;pb and jelly
Snídaně - sladké;Banana bread;;pumpkin spice
Snídaně - sladké;Banana bread;;chocolate chip
Snídaně - sladké;Banana bread;;cookies and cream
Snídaně - sladké;Banana bread;;snickers
Snídaně - sladké;Banana bread;;chocolate and berries
Snídaně - sladké;Banana bread;;white choc and berries
Snídaně - sladké;Banana bread;;rafaelo
Snídaně - sladké;Banana bread;;smores
Snídaně - sladké;Banana bread;;biscoff
Snídaně - sladké;Banana bread;;tiramisu
Snídaně - sladké;Banana bread;;bounty
Snídaně - sladké;Banana bread;;peanut butter
Snídaně - sladké;Banana bread;;pb and jelly
Snídaně - sladké;Muffins;;pumpkin spice
Snídaně - sladké;Muffins;;chocolate chip
Snídaně - sladké;Muffins;;cookies and cream
Snídaně - sladké;Muffins;;snickers
Snídaně - sladké;Muffins;;Reese´s
Snídaně - sladké;Muffins;;chocolate and berries
Snídaně - sladké;Muffins;;white choc and berries
Snídaně - sladké;Muffins;;berry cheesecake
Snídaně - sladké;Muffins;;smores
Snídaně - sladké;Muffins;;apple strudel
Snídaně - sladké;Muffins;;chocolate banana
Snídaně - sladké;Muffins;;biscoff
Snídaně - sladké;Muffins;;tiramisu
Snídaně - sladké;Muffins;;bounty
Snídaně - sladké;Muffins;;peanut butter
Snídaně - sladké;Muffins;;pb and jelly
Snídaně - sladké;Muffins;;double chocolate
Snídaně - sladké;Muffins;;apple oatmeal
Snídaně - sladké;Chia puding;;pumpkin spice
Snídaně - sladké;Chia puding;;chocolate chip
Snídaně - sladké;Chia puding;;cookies and cream
Snídaně - sladké;Chia puding;;snickers
Snídaně - sladké;Chia puding;;Reese´s
Snídaně - sladké;Chia puding;;mango coconut
Snídaně - sladké;Chia puding;;chocolate and berries
Snídaně - sladké;Chia puding;;white choc and berries
Snídaně - sladké;Chia puding;;berry cheesecake
Snídaně - sladké;Chia puding;;smores
Snídaně - sladké;Chia puding;;caramelised banana
Snídaně - sladké;Chia puding;;apple strudel
Snídaně - sladké;Chia puding;;peach cobbler
Snídaně - sladké;Chia puding;;chocolate banana
Snídaně - sladké;Chia puding;;biscoff
Snídaně - sladké;Chia puding;;tiramisu
Snídaně - sladké;Chia puding;;pb and jelly
Snídaně - sladké;Pancake bowls;;pumpkin spice
Snídaně - sladké;Pancake bowls;;cinamon swirl
Snídaně - sladké;Pancake bowls;;chocolate chip
Snídaně - sladké;Pancake bowls;;cookies and cream
Snídaně - sladké;Pancake bowls;;snickers
Snídaně - sladké;Pancake bowls;;chocolate and berries
Snídaně - sladké;Pancake bowls;;vanilla and berries
Snídaně - sladké;Pancake bowls;;white choc and berries
Snídaně - sladké;Pancake bowls;;rafaelo
Snídaně - sladké;Pancake bowls;;smores
Snídaně - sladké;Pancake bowls;;chocolate banana
Snídaně - sladké;Pancake bowls;;biscoff
Snídaně - sladké;Pancake bowls;;tiramisu
Snídaně - sladké;Pancake bowls;;bounty
Snídaně - sladké;Pancake bowls;;peanut butter
Snídaně - sladké;Pancake bowls;;pb and jelly
Snídaně - sladké;Pancakes;;pumpkin spice
Snídaně - sladké;Pancakes;;cinamon sugar
Snídaně - sladké;Pancakes;;chocolate chip
Snídaně - sladké;Pancakes;;sladké syrniki
Snídaně - sladké;Pancakes;;creapes
Snídaně - sladké;Pancakes;;trhanec
Snídaně - sladké;Pancakes;;na plech
Snídaně - sladké;Donuts;;pumpkin spice
Snídaně - sladké;Donuts;;cinamon sugar
Snídaně - sladké;Donuts;;chocolate chip
Snídaně - sladké;Donuts;;cookies and cream
Snídaně - sladké;Donuts;;boston cream
Snídaně - sladké;Donuts;;double chocolate
Snídaně - sladké;Donuts;;berry filled
Snídaně - sladké;Donuts;;birthday cake
Snídaně - sladké;Donuts;;berry filled
Snídaně - sladké;Donuts;;caramel
Snídaně - sladké;Donuts;;peanut butter
Snídaně - sladké;Donuts;;pb and jelly
Snídaně - sladké;Pastries;;cinamon knots
Snídaně - sladké;Pastries;;cinamon sugar twists
Snídaně - sladké;Pastries;;cinamon rolls
Snídaně - sladké;Pastries;;apple pie rice paper
Snídaně - sladké;Pastries;;berry rice paper
Snídaně - sladké;Pastries;;pudding rice paper
Snídaně - sladké;Pastries;;banana chocolate rice paper
Snídaně - sladké;Pastries;;cottage chese fritters
Snídaně - sladké;Pastries;;eggwhite cloud bread
Snídaně - sladké;Na plech;;perník
Snídaně - sladké;Na plech;;brownies
Snídaně - sladké;Na plech;;blondies
Snídaně - sladké;Na plech;;chocolate crunch
Snídaně - sladké;Na plech;;rafaelo řezy
Snídaně - sladké;Na plech;;jogurtová buchta
Snídaně - sladké;Na plech;;cottage pie
Snídaně - sladké;Na plech;;smorse 
Snídaně - sladké;Na plech;;bublanina
Snídaně - sladké;Na plech;;eggwhite fluff
Snídaně - sladké;Na plech;;brookie
Snídaně - sladké;Na plech;;buchty
Snídaně - sladké;Na plech;;kakaovo tvarohové řezy
Snídaně - sladké;Na plech;;Kinder mléčný řez
Snídaně - sladké;Na plech;;apple pie
Snídaně - sladké;Na plech;;pudingové řezy banán čoko
Snídaně - sladké;Na plech;;pudingové řezy berries čoko
Snídaně - sladké;Na plech;;tvarohová roláda
Snídaně - sladké;Na plech;;cinamon loaf cake
Snídaně - sladké;Na plech;;brownies cheesecake
Snídaně - sladké;Na plech;;pudingové řezy double choc
Snídaně - sladké;Cakes;;oreo cheesecake
Snídaně - sladké;Cakes;;rafaelo style
Snídaně - sladké;Cakes;;oreo řezy
Snídaně - sladké;Cakes;;bounty cheesecake
Snídaně - sladké;Cakes;;mrkvový
Snídaně - sladké;Cakes;;karamelový cheesecake
Snídaně - sladké;Cakes;;pumpkin pie
Snídaně - sladké;Cakes;;baskitský cheesecake
Snídaně - sladké;Cakes;;peanut butter cheesecake
Snídaně - sladké;Cakes;;dot cake
Snídaně - sladké;Cakes;;clasic chocolate
Snídaně - sladké;Cakes;;banana pie
Snídaně - sladké;Cakes;;krtkův dort
Snídaně - sladké;Cakes;;Reese´s
Snídaně - sladké;Cakes;;Ferrero
Snídaně - sladké;Cakes;;berry shortcake
Snídaně - sladké;Panna cotta;;kokosový základ
Snídaně - sladké;Panna cotta;;malinová
Snídaně - sladké;Panna cotta;;jahodová
Snídaně - sladké;Panna cotta;;mango
Snídaně - sladké;Panna cotta;;ostružinová
Snídaně - sladké;Panna cotta;;třešňová
Snídaně - sladké;Panna cotta;;broskvová
Snídaně - sladké;Panna cotta;;s karamelem